Name,Address,Neighborhood,Specialty,Description,Source
Salsa Limon,"1407 N Main St, Fort Worth, TX 76164",Stockyards,"Birria tacos, street-style tacos",A beloved Fort Worth institution serving authentic Mexican street tacos. Known for birria and a rotating menu of traditional preparations. The Stockyards location is a local favorite.,Texas Monthly / Local Coverage
Joe T. Garcia's,"2201 N Commerce St, Fort Worth, TX 76106",Near Northside,"Family-style Mexican, fajita tacos","A Fort Worth institution since 1935, Joe T. Garcia's is a multi-room Mexican restaurant famous for its sprawling outdoor patio. The fajita and bean tacos are legendary, and the atmosphere is unmatched.",Texas Monthly / Local Coverage
Benito's,"1450 W Magnolia Ave, Fort Worth, TX 76104",Near Southside,"Interior Mexican, tacos al carbon","Celebrated for interior Mexican cooking on the Near Southside, Benito's offers tacos that go beyond Tex-Mex into deeper regional traditions. A cornerstone of Fort Worth's culinary scene.",Texas Monthly / Local Coverage
Taco Heads,"2818 Morton St, Fort Worth, TX 76107",West 7th (Cultural District),Creative gourmet tacos,"Taco Heads brings a creative, gourmet approach to the taco. Located in the Cultural District, this spot is known for unexpected flavor combinations and high-quality ingredients in a casual setting.",Texas Monthly / Local Coverage
Velvet Taco,"3001 S Hulen St, Fort Worth, TX 76109",Hulen / Cityview,"Rotating creative tacos, WTF taco",A Texas-born chain that reinvents what a taco can be. Velvet Taco offers international-inspired fillings from Nashville hot chicken to spicy tikka masala. The weekly rotating WTF (Weekly Taco Feature) is a must-try.,Texas Monthly / Local Coverage
Digg's Taco Shop,"7750 Camp Bowie W Blvd, Fort Worth, TX 76116",Camp Bowie West,Breakfast and street tacos,"An unpretentious taco shop on Camp Bowie beloved for its no-fuss approach and fresh ingredients. The breakfast tacos draw a loyal morning crowd, and the street tacos offer great value.",Texas Monthly / Local Coverage
Revolver Taco Lounge,"2822 W 7th St, Fort Worth, TX 76107",West 7th,"Upscale Mexican, masa-forward tacos","Revolver is one of Fort Worth's most acclaimed taco destinations, known for housemade masa and sophisticated preparations drawing from interior Mexican traditions. Highly regarded by Texas Monthly and national food critics.",Texas Monthly / Local Coverage
La Familia Cortez,"1521 Hemphill St, Fort Worth, TX 76104",Near Southside,"Breakfast tacos, carne guisada",A neighborhood taqueria beloved for its carne guisada and breakfast tacos. La Familia Cortez represents the kind of everyday taqueria that Fort Worth's Hispanic communities have sustained for decades.,Texas Monthly / Local Coverage
Esperanza's Mexican Bakery & Cafe,"2122 N Main St, Fort Worth, TX 76164",Near Northside,"Breakfast tacos, pan dulce","More than a bakery, Esperanza's anchors the Near Northside with its scratch-made breakfast tacos and legendary pan dulce. The tacos de barbacoa on weekend mornings are a Fort Worth rite of passage.",Texas Monthly / Local Coverage
Ellerbe Fine Foods,"1501 W Magnolia Ave, Fort Worth, TX 76104",Near Southside,Farm-to-table tacos (on menu rotation),"While not exclusively a taco shop, Ellerbe's seasonal menu often features some of Fort Worth's most creative taco preparations using local and farm-sourced ingredients. A pillar of Near Southside dining.",Texas Monthly / Local Coverage
El Paseo de Tacos,"6713 Camp Bowie Blvd, Fort Worth, TX 76116",Ridglea,"Tacos al pastor, street tacos","A no-frills taqueria that consistently delivers on the fundamentals: fresh tortillas, properly seasoned fillings, and good salsa. The al pastor, shaved off a rotating spit, is the signature order.",Texas Monthly / Local Coverage
Mily's Cafe,"4301 River Oaks Blvd, Fort Worth, TX 76114",River Oaks,Tex-Mex breakfast tacos,"A family-run neighborhood staple serving Tex-Mex breakfast and lunch. Mily's is trusted by locals for honest, home-style tacos with portions that more than satisfy.",Texas Monthly / Local Coverage
