Name,Type,Street,City ,State,Zip,Address,Website
BoomerJack's Grill & Bar,Restaurant,2600 W. 7th St.,Fort Worth,TX,76107,"2600 W. 7th St.,  Fort Worth,  TX,  76107 ",http://www.boomerjack.com/web/guest/home
Chimy's Cerveceria,Restaurant,1053 Foch St.,Fort Worth,TX,76107,"1053 Foch St.,  Fort Worth,  TX,  76107 ",http://chimys.com/
Kincaid's Hamburgers,Restaurant,4901 Camp Bowie Boulevard,Fort Worth,TX,76107,"4901 Camp Bowie Boulevard,  Fort Worth,  TX,  76107 ",
M&O Station Grill,Restaurant,200 Carroll Street #110,Fort Worth,TX,76107,"200 Carroll Street #110,  Fort Worth,  TX,  76107 ",http://www.fwscreen.com/fwscreen.com/M&O_Grill.html
Mac's on Seventh,Restaurant,2600 W. 7th St.,Fort Worth,TX,76107,"2600 W. 7th St.,  Fort Worth,  TX,  76107 ",http://macsteak.com/
MICHAELS Restaurant,Restaurant,3413 W. 7th St.,Fort Worth,TX,76107,"3413 W. 7th St.,  Fort Worth,  TX,  76107 ",http://www.michaelscuisine.com/
Milano's,Restaurant,3416 West 7th Street,Fort Worth,TX,76107,"3416 West 7th Street,  Fort Worth,  TX,  76107 ",
Ol' South Pancake House,Restaurant,1507 S. University Dr.,Fort Worth,TX,76107,"1507 S. University Dr.,  Fort Worth,  TX,  76107 ",
Tommy's Hamburger Grill,Restaurant,3431 West 7th Street,Fort Worth,TX,76107,"3431 West 7th Street,  Fort Worth,  TX,  76107 ",http://www.tommyshamburgergrill.com/
WineStyles,Restaurant,2600 W. Seventh Street,Fort Worth,TX,76107,"2600 W. Seventh Street,  Fort Worth,  TX,  76107 ",http://winestyles.net/montgomeryplaza
Winslow's Wine Cafť,Restaurant,4101 Camp Bowie Blvd.,Fort Worth,TX,76107,"4101 Camp Bowie Blvd.,  Fort Worth,  TX,  76107 ",http://winslowswinecafe.com/
Z's Cafť,Restaurant,1300 Gendy Street,Fort Worth,TX,76107,"1300 Gendy Street,  Fort Worth,  TX,  76107 ",
Artful Hand,Shopping,3408 W. Seventh Street†,Fort Worth,TX,76107,"3408 W. Seventh Street†,  Fort Worth,  TX,  76107 ",http://www.artful-hand.com
Backwoods,Shopping,2727 West 7th Street,Fort Worth,TX,76107,"2727 West 7th Street,  Fort Worth,  TX,  76107 ",http://www.backwoods.com
Chicotsky's,Shopping,3429 West 7th Street,Fort Worth,TX,76107,"3429 West 7th Street,  Fort Worth,  TX,  76107 ",
Dean-Kingston,Shopping,821 Foch Street,Fort Worth,TX,76107,"821 Foch Street,  Fort Worth,  TX,  76107 ",http://www.dean-kingston.com
Dolce Vita,Shopping,2600 W. Seventh Street,Fort Worth,TX,76107,"2600 W. Seventh Street,  Fort Worth,  TX,  76107 ",http://dolcevitafw.com
j. rae's,Shopping,935 Foch St,Fort Worth,TX,76107,"935 Foch St,  Fort Worth,  TX,  76107 ",http://jraes.com
Ranch Oak Farm,Shopping,3005 Bledsoe Street,Fort Worth,TX,76107,"3005 Bledsoe Street,  Fort Worth,  TX,  76107 ",http://ranchoakfarm.com
Steinway Hall,Shopping,3717 Camp Bowie Blvd,Fort Worth,TX,76107,"3717 Camp Bowie Blvd,  Fort Worth,  TX,  76107 ",http://steinwaydfw.com
Vending Nut Company,Shopping,2222 Montgomery Street,Fort Worth,TX,76107,"2222 Montgomery Street,  Fort Worth,  TX,  76107 ",https://store.vendingnut.com
Woodbine Furniture,Shopping,4808 Camp Bowie Blvd,Fort Worth,TX,76107,"4808 Camp Bowie Blvd,  Fort Worth,  TX,  76107 ",http://www.woodbinefurniture.com
Galerie Kornye West,Gallery,1601 Clover Lane,Fort Worth,TX,76107,"1601 Clover Lane,  Fort Worth,  TX,  76107 ",http://www.kornyewest.com
William Campbell Contemporary Art,Gallery,4935 Byers Avenue,Fort Worth,TX,76107,"4935 Byers Avenue,  Fort Worth,  TX,  76107 ",
Edmund Craig Gallery,Gallery,3550 West 7th Street,Fort Worth,TX,76107,"3550 West 7th Street,  Fort Worth,  TX,  76107 ",
Fort Worth Museum of Science and History,Museum,1501 Montgomery Street,Fort Worth,TX,76107,"1501 Montgomery Street,  Fort Worth,  TX,  76107 ",http://www.fortworthmuseum.org
Amon Carter Museum,Museum,3501 Camp Bowie Boulevard,Fort Worth,TX,76107,"3501 Camp Bowie Boulevard,  Fort Worth,  TX,  76107 ",http://www.cartermuseum.org
Cattle Raisers Museum,Museum,1600 Gendy St,Fort Worth,TX,76107,"1600 Gendy St,  Fort Worth,  TX,  76107 ",http://www.cattleraisersmuseum.org
Leonard's Department Store Museum,Museum,200 Carroll Street,Fort Worth,TX,76107,"200 Carroll Street,  Fort Worth,  TX,  76107 ",
Modern Art Museum of Fort Worth,Museum,3200 Darnell Street,Fort Worth,TX,76107,"3200 Darnell Street,  Fort Worth,  TX,  76107 ",http://www.themodern.org
Kimbell Art Museum,Museum,3333 Camp Bowie Boulevard,Fort Worth,TX,76107,"3333 Camp Bowie Boulevard,  Fort Worth,  TX,  76107 ",http://www.kimbellmuseum.org
National Cowgirl Museum and Hall of Fame,Museum,1720 Gendy Street,Fort Worth,TX,76107,"1720 Gendy Street,  Fort Worth,  TX,  76107 ",http://www.cowgirl.net
Casa Manana,Entertainment,3101 West Lancaster Avenue,Fort Worth,TX,76107,"3101 West Lancaster Avenue,  Fort Worth,  TX,  76107 ",http://www.casamanana.org
Will Rogers Equestrian Center,Entertainment,3401 W. Lancaster Avenue,Fort Worth,TX,76107,"3401 W. Lancaster Avenue,  Fort Worth,  TX,  76107 ",
Fort Worth Opera,Entertainment,1300 Gendy Street,Fort Worth,TX,76107,"1300 Gendy Street,  Fort Worth,  TX,  76107 ",http://www.fwopera.org
Kids Who Care,Entertainment,1300 Gendy St,Fort Worth,TX,76107,"1300 Gendy St,  Fort Worth,  TX,  76107 ",http://www.kidswhocare.org/
Omni Theater,Entertainment,1501 Montgomery Street,Fort Worth,TX,76107,"1501 Montgomery Street,  Fort Worth,  TX,  76107 ",http://www.fwmuseum.org/omni-theater-about
Sanders Theater,Entertainment,1300 Gendy Street,Fort Worth,TX,76107,"1300 Gendy Street,  Fort Worth,  TX,  76107 ",http://www.fwcac.com/calendar/month.php
Scott Theater,Entertainment,3505 West Lancaster Avenue,Fort Worth,TX,76107,"3505 West Lancaster Avenue,  Fort Worth,  TX,  76107 ",http://www.fwcac.com/calendar/month.php
Will Rogers Memorial Center,Entertainment,3401 W. Lancaster Avenue,Fort Worth,TX,76107,"3401 W. Lancaster Avenue,  Fort Worth,  TX,  76107 ",http://www.fortworth.com/meeting-professionals/facilities-and-venues/will-rogers-memorial-center/
